               epoch,      train/box_loss,      train/obj_loss,      train/cls_loss,loss,   metrics/precision,      metrics/recall,     metrics/mAP_0.5,metrics/mAP_0.5:0.95,        val/box_loss,        val/obj_loss,        val/cls_loss,               x/lr0,               x/lr1,               x/lr2
0,0.10452,0.020275,0.026369,0.151164,0.0012896,0.5125,0.0040915,0.0012416,0.070428,0.016901,0.017582,0.0032804,0.0032804,0.070476
1,0.1016,0.020156,0.02622,0.147976,0.00068889,0.37835,0.00075256,0.00021139,0.073641,0.020263,0.018741,0.006584,0.006584,0.040446
2,0.093136,0.020761,0.025684,0.139581,0.00027913,0.080392,0.00017829,4.46E-05,0.079197,0.035195,0.028124,0.0098576,0.0098576,0.010387
3,0.085348,0.021038,0.024357,0.130743,0.023561,0.0125,0.0058253,0.0014169,0.068277,0.016642,0.019299,0.009865,0.009865,0.009865
4,0.07962,0.020889,0.023089,0.123598,0.00032506,0.042925,0.00059596,0.0001865,0.065914,0.015847,0.017971,0.009865,0.009865,0.009865
5,0.075004,0.019881,0.022079,0.116964,0.0022188,0.85056,0.15846,0.048809,0.042949,0.014371,0.014272,0.00982,0.00982,0.00982
6,0.071052,0.019891,0.02129,0.112233,0.0038416,0.0625,0.0059561,0.0013195,0.048367,0.01409,0.014325,0.009775,0.009775,0.009775
7,0.067145,0.018885,0.020383,0.106413,0.036188,0.65,0.098234,0.027702,0.045654,0.012446,0.014034,0.00973,0.00973,0.00973
8,0.065701,0.01783,0.019996,0.103527,0.041585,0.48509,0.07165,0.027719,0.054496,0.012733,0.014455,0.009685,0.009685,0.009685
9,0.061688,0.017435,0.019535,0.098658,0.59084,0.075,0.041214,0.0070075,0.049938,0.013532,0.0132,0.00964,0.00964,0.00964
10,0.058058,0.016933,0.018609,0.0936,0.2668,0.42351,0.2877,0.10285,0.037183,0.011416,0.012479,0.009595,0.009595,0.009595
11,0.057673,0.015894,0.018142,0.091709,0.13456,0.24383,0.174,0.055855,0.04018,0.011995,0.012424,0.00955,0.00955,0.00955
12,0.055892,0.014624,0.017735,0.088251,0.14858,0.29745,0.16288,0.055248,0.043489,0.011094,0.013437,0.009505,0.009505,0.009505
13,0.056012,0.014394,0.016346,0.086752,0.23938,0.3982,0.31233,0.086285,0.043745,0.010064,0.011515,0.00946,0.00946,0.00946
14,0.056198,0.013828,0.015769,0.085795,0.26711,0.38212,0.2811,0.10817,0.035077,0.010366,0.010773,0.009415,0.009415,0.009415
15,0.053505,0.013504,0.014058,0.081067,0.20673,0.32691,0.19757,0.044725,0.041217,0.0098397,0.0123,0.00937,0.00937,0.00937
16,0.051729,0.012979,0.013217,0.077925,0.88671,0.1125,0.16501,0.034222,0.039509,0.010821,0.011494,0.009325,0.009325,0.009325
17,0.051726,0.012687,0.012277,0.07669,0.29855,0.51903,0.32505,0.13422,0.033965,0.0094014,0.010239,0.00928,0.00928,0.00928
18,0.049259,0.012742,0.010994,0.072995,0.48536,0.24534,0.15502,0.031586,0.046148,0.0095023,0.0085014,0.009235,0.009235,0.009235
19,0.047441,0.012475,0.010152,0.070068,0.13236,0.34466,0.22815,0.086704,0.036968,0.0104,0.010163,0.00919,0.00919,0.00919
20,0.049775,0.012,0.0092761,0.0710511,0.46152,0.50285,0.46325,0.16547,0.035265,0.0097962,0.0050704,0.009145,0.009145,0.009145
21,0.048269,0.011836,0.00807,0.068175,0.71803,0.1625,0.18966,0.058681,0.037186,0.0094957,0.0078726,0.0091,0.0091,0.0091
22,0.047524,0.011698,0.0074208,0.0666428,0.3064,0.59867,0.42937,0.16072,0.035501,0.0087161,0.0062928,0.009055,0.009055,0.009055
23,0.046776,0.011355,0.0070699,0.0652009,0.63038,0.20833,0.11038,0.037421,0.034305,0.014383,0.006762,0.00901,0.00901,0.00901
24,0.046675,0.01126,0.0070634,0.0649984,0.20831,0.43724,0.2535,0.069651,0.039917,0.0088813,0.010599,0.008965,0.008965,0.008965
25,0.045257,0.011109,0.0064474,0.0628134,0.2622,0.36975,0.30584,0.10002,0.039623,0.0083776,0.0092817,0.00892,0.00892,0.00892
26,0.044413,0.010702,0.0060641,0.0611791,0.1726,0.41461,0.24086,0.070732,0.042849,0.0095133,0.012865,0.008875,0.008875,0.008875
27,0.044844,0.010566,0.006586,0.061996,0.54036,0.56774,0.58568,0.20931,0.034799,0.0082671,0.0075043,0.00883,0.00883,0.00883
28,0.044512,0.0104,0.0057118,0.0606238,0.62756,0.54319,0.52139,0.23315,0.039298,0.0079221,0.0049683,0.008785,0.008785,0.008785
29,0.042897,0.010834,0.0054081,0.0591391,0.5086,0.57609,0.59378,0.23393,0.032958,0.0083564,0.003987,0.00874,0.00874,0.00874
30,0.040971,0.010135,0.0052312,0.0563372,0.61636,0.36413,0.40724,0.13189,0.035061,0.0089184,0.0072479,0.008695,0.008695,0.008695
31,0.041842,0.010554,0.0052118,0.0576078,0.57967,0.61851,0.52379,0.24083,0.034888,0.008211,0.0037431,0.00865,0.00865,0.00865
32,0.04225,0.010165,0.0050827,0.0574977,0.72201,0.57946,0.60898,0.17776,0.038371,0.008023,0.0055737,0.008605,0.008605,0.008605
33,0.040848,0.010266,0.0052083,0.0563223,0.40231,0.46048,0.36165,0.10688,0.039511,0.0083456,0.0072566,0.00856,0.00856,0.00856
34,0.041806,0.010347,0.0049461,0.0570991,0.77234,0.44298,0.58188,0.16858,0.040288,0.0091314,0.0036906,0.008515,0.008515,0.008515
35,0.040186,0.010516,0.0044976,0.0551996,0.62178,0.62298,0.62869,0.20659,0.035049,0.0083693,0.0051289,0.00847,0.00847,0.00847
36,0.040176,0.0096635,0.0045169,0.0543564,0.57181,0.49726,0.50741,0.14925,0.039154,0.008379,0.0070341,0.008425,0.008425,0.008425
37,0.039297,0.010118,0.0045067,0.0539217,0.47172,0.67105,0.53855,0.22827,0.034407,0.0078768,0.0053151,0.00838,0.00838,0.00838
38,0.038049,0.0095527,0.0039908,0.0515925,0.50518,0.22917,0.30621,0.10564,0.037311,0.0084683,0.0087816,0.008335,0.008335,0.008335
39,0.039077,0.0092741,0.00387,0.0522211,0.80932,0.39142,0.54701,0.2227,0.038062,0.0092767,0.0087687,0.00829,0.00829,0.00829
40,0.039193,0.0094267,0.0037542,0.0523739,0.62503,0.60703,0.58897,0.2153,0.03514,0.0080597,0.0078894,0.008245,0.008245,0.008245
41,0.038361,0.0095593,0.0036447,0.051565,0.50384,0.65933,0.5691,0.19695,0.034327,0.0077865,0.0078665,0.0082,0.0082,0.0082
42,0.036869,0.0092483,0.0037433,0.0498606,0.54335,0.59113,0.57144,0.18556,0.036061,0.0085992,0.0053776,0.008155,0.008155,0.008155
43,0.037372,0.0092358,0.0037466,0.0503544,0.61798,0.58388,0.5763,0.24774,0.035369,0.0087866,0.0083428,0.00811,0.00811,0.00811
44,0.036966,0.0097638,0.0033623,0.0500921,0.542,0.62367,0.60402,0.20372,0.036945,0.0080562,0.0065726,0.008065,0.008065,0.008065
45,0.036403,0.0090959,0.0036668,0.0491657,0.5246,0.68053,0.61929,0.22494,0.035248,0.0083154,0.0040116,0.00802,0.00802,0.00802
46,0.036793,0.0088023,0.0034135,0.0490088,0.57691,0.5706,0.60299,0.24534,0.032812,0.0079121,0.0047082,0.007975,0.007975,0.007975
47,0.03585,0.009174,0.0035706,0.0485946,0.29611,0.59997,0.39454,0.12547,0.035546,0.0083682,0.0079454,0.00793,0.00793,0.00793
48,0.03564,0.0090983,0.003339,0.0480773,0.58189,0.59003,0.62129,0.25268,0.034099,0.0082113,0.0063875,0.007885,0.007885,0.007885
49,0.035252,0.009073,0.003061,0.047386,0.73221,0.39662,0.43688,0.1603,0.032937,0.0090957,0.010493,0.00784,0.00784,0.00784
50,0.035085,0.0090076,0.0031933,0.0472859,0.54847,0.35997,0.38633,0.12961,0.037427,0.0090598,0.0070224,0.007795,0.007795,0.007795
51,0.035313,0.0087512,0.0033289,0.0473931,0.84379,0.30833,0.37881,0.13868,0.034949,0.0089555,0.0047303,0.00775,0.00775,0.00775
52,0.036162,0.0088427,0.0031027,0.0481074,0.52247,0.54618,0.58571,0.23657,0.035094,0.0085409,0.0049496,0.007705,0.007705,0.007705
53,0.034878,0.0088952,0.0032264,0.0469996,0.65211,0.46021,0.55704,0.26185,0.038721,0.0081159,0.0060305,0.00766,0.00766,0.00766
54,0.034591,0.0089419,0.0029129,0.0464458,0.51885,0.76387,0.67615,0.28331,0.033244,0.0078941,0.0053334,0.007615,0.007615,0.007615
55,0.034116,0.0086737,0.0029049,0.0456946,0.83539,0.49414,0.61119,0.23114,0.033308,0.0080415,0.0031736,0.00757,0.00757,0.00757
56,0.034572,0.0084836,0.0027644,0.04582,0.65869,0.58735,0.61283,0.22487,0.033983,0.008614,0.004948,0.007525,0.007525,0.007525
57,0.033318,0.0089207,0.0031235,0.0453622,0.63621,0.56756,0.56091,0.18163,0.034761,0.0081406,0.0043523,0.00748,0.00748,0.00748
58,0.033637,0.0086287,0.0030149,0.0452806,0.57604,0.75045,0.67012,0.25918,0.031412,0.0078271,0.0043131,0.007435,0.007435,0.007435
59,0.033489,0.0088537,0.0030183,0.045361,0.61122,0.62138,0.58465,0.24645,0.035645,0.0083061,0.00413,0.00739,0.00739,0.00739
60,0.033973,0.0082923,0.0029704,0.0452357,0.55603,0.24412,0.35954,0.095282,0.043441,0.0095342,0.012041,0.007345,0.007345,0.007345
61,0.031609,0.0085786,0.0027656,0.0429532,0.86433,0.24167,0.42377,0.14827,0.035463,0.0087842,0.0061886,0.0073,0.0073,0.0073
62,0.032959,0.0083062,0.0022708,0.043536,0.58063,0.62093,0.64549,0.25192,0.032395,0.007649,0.0033947,0.007255,0.007255,0.007255
63,0.032457,0.0084194,0.0025962,0.0434726,0.71458,0.51324,0.594,0.19118,0.034911,0.0081507,0.0060206,0.00721,0.00721,0.00721
64,0.031712,0.0080133,0.002455,0.0421803,0.7482,0.41283,0.57319,0.24535,0.033568,0.0077096,0.0063392,0.007165,0.007165,0.007165
65,0.032817,0.0082486,0.0028915,0.0439571,0.76076,0.46827,0.61935,0.21113,0.03619,0.0082137,0.0032412,0.00712,0.00712,0.00712
66,0.032062,0.0079156,0.0023911,0.0423687,0.47328,0.56373,0.62734,0.22834,0.031886,0.0079089,0.0032078,0.007075,0.007075,0.007075
67,0.030631,0.0081029,0.0025247,0.0412586,0.5806,0.52419,0.63035,0.23164,0.035686,0.0083396,0.0089716,0.00703,0.00703,0.00703
68,0.031117,0.0083266,0.002636,0.0420796,0.52957,0.67369,0.65092,0.31821,0.033044,0.0076561,0.0036741,0.006985,0.006985,0.006985
69,0.030913,0.0080791,0.0028144,0.0418065,0.71666,0.4428,0.6073,0.26604,0.031768,0.0074069,0.0074872,0.00694,0.00694,0.00694
70,0.030998,0.0081314,0.0024339,0.0415633,0.62993,0.6448,0.6448,0.24456,0.03349,0.007984,0.005627,0.006895,0.006895,0.006895
71,0.03144,0.0077878,0.0025067,0.0417345,0.42122,0.49658,0.55563,0.21695,0.029833,0.0081929,0.0034368,0.00685,0.00685,0.00685
72,0.029664,0.007896,0.0021454,0.0397054,0.59889,0.56633,0.59418,0.26359,0.031354,0.0086766,0.0056976,0.006805,0.006805,0.006805
73,0.030544,0.0077516,0.0022588,0.0405544,0.63784,0.69687,0.69931,0.26425,0.031111,0.0080745,0.0025244,0.00676,0.00676,0.00676
74,0.02956,0.0077749,0.0022016,0.0395365,0.83281,0.53309,0.63444,0.22338,0.033651,0.0079451,0.0068505,0.006715,0.006715,0.006715
75,0.030324,0.0078526,0.0022935,0.0404701,0.58225,0.37167,0.32088,0.10753,0.033637,0.0084671,0.0083111,0.00667,0.00667,0.00667
76,0.03046,0.0079504,0.0023619,0.0407723,0.48339,0.57496,0.533,0.17981,0.033531,0.0086678,0.0090648,0.006625,0.006625,0.006625
77,0.030152,0.0081468,0.0024578,0.0407566,0.52478,0.56642,0.61567,0.20146,0.032492,0.0087414,0.0034249,0.00658,0.00658,0.00658
78,0.030345,0.0083288,0.0026119,0.0412857,0.57303,0.58139,0.57245,0.26254,0.034163,0.0084389,0.0035675,0.006535,0.006535,0.006535
79,0.030219,0.0077834,0.0022201,0.0402225,0.70232,0.61681,0.69386,0.3259,0.032606,0.0076916,0.0029261,0.00649,0.00649,0.00649
80,0.029509,0.0075391,0.0021132,0.0391613,0.55483,0.60147,0.58509,0.25652,0.032657,0.007653,0.003073,0.006445,0.006445,0.006445
81,0.029839,0.0077885,0.0020359,0.0396634,0.73103,0.58178,0.59151,0.22629,0.037265,0.0080011,0.003442,0.0064,0.0064,0.0064
82,0.029293,0.0078742,0.0024535,0.0396207,0.74561,0.58572,0.62177,0.32354,0.034018,0.0085747,0.0028397,0.006355,0.006355,0.006355
83,0.028887,0.0078705,0.0021687,0.0389262,0.64562,0.69657,0.72777,0.28999,0.02983,0.0076456,0.0038817,0.00631,0.00631,0.00631
84,0.028438,0.0075542,0.0022534,0.0382456,0.46056,0.44069,0.51816,0.21552,0.033856,0.0083774,0.0064769,0.006265,0.006265,0.006265
85,0.028694,0.0077298,0.0024338,0.0388576,0.71921,0.41644,0.45889,0.17877,0.033243,0.0085776,0.007016,0.00622,0.00622,0.00622
86,0.028123,0.0074825,0.001887,0.0374925,0.63883,0.58635,0.64194,0.24239,0.035031,0.007804,0.0067377,0.006175,0.006175,0.006175
87,0.028563,0.007732,0.0021106,0.0384056,0.68554,0.70054,0.72638,0.31958,0.031689,0.0073607,0.004064,0.00613,0.00613,0.00613
88,0.027635,0.0076869,0.0022824,0.0376043,0.50526,0.57036,0.62482,0.25572,0.033589,0.0085303,0.0042926,0.006085,0.006085,0.006085
89,0.027789,0.0074186,0.0020616,0.0372692,0.60299,0.67477,0.66282,0.27221,0.033473,0.0082744,0.0037813,0.00604,0.00604,0.00604
90,0.027932,0.0073836,0.001879,0.0371946,0.82776,0.56802,0.62273,0.24861,0.033327,0.0080503,0.0037575,0.005995,0.005995,0.005995
91,0.027537,0.0078446,0.0022236,0.0376052,0.55537,0.57131,0.6146,0.23985,0.034286,0.0079585,0.0027375,0.00595,0.00595,0.00595
92,0.028924,0.0078846,0.0024982,0.0393068,0.69901,0.66118,0.69952,0.28987,0.032802,0.0078525,0.0061251,0.005905,0.005905,0.005905
93,0.028747,0.0073625,0.002135,0.0382445,0.7268,0.67624,0.69059,0.29702,0.030211,0.0079696,0.0077217,0.00586,0.00586,0.00586
94,0.027582,0.0072475,0.001924,0.0367535,0.41346,0.46586,0.40726,0.15981,0.032675,0.0088059,0.0085476,0.005815,0.005815,0.005815
95,0.028079,0.0073869,0.002024,0.0374899,0.57312,0.51618,0.56539,0.27014,0.034605,0.0084726,0.0056238,0.00577,0.00577,0.00577
96,0.027509,0.0076112,0.0022275,0.0373477,0.51482,0.64229,0.57861,0.26295,0.030978,0.0078812,0.0043369,0.005725,0.005725,0.005725
97,0.026809,0.00754,0.0020895,0.0364385,0.69785,0.48554,0.52535,0.21164,0.034483,0.0088999,0.0052601,0.00568,0.00568,0.00568
98,0.02699,0.007073,0.0019966,0.0360596,0.61977,0.64536,0.65299,0.2857,0.03224,0.0082026,0.0038748,0.005635,0.005635,0.005635
99,0.027303,0.0074464,0.0021222,0.0368716,0.6926,0.65933,0.66761,0.26536,0.03303,0.008332,0.0061175,0.00559,0.00559,0.00559
100,0.028077,0.0075161,0.0021118,0.0377049,0.68714,0.66681,0.67309,0.2746,0.033257,0.0081168,0.0032598,0.005545,0.005545,0.005545
101,0.027178,0.0073918,0.0017993,0.0363691,0.69489,0.61657,0.63576,0.2685,0.034233,0.0081631,0.0036718,0.0055,0.0055,0.0055
102,0.026584,0.0075651,0.0019633,0.0361124,0.65559,0.64491,0.65307,0.30993,0.032088,0.0083109,0.0031535,0.005455,0.005455,0.005455
103,0.026482,0.0074104,0.0019381,0.0358305,0.86776,0.46932,0.65017,0.27912,0.0335,0.0081573,0.005986,0.00541,0.00541,0.00541
104,0.026499,0.0072617,0.0018684,0.0356291,0.57103,0.4743,0.54648,0.21872,0.034871,0.0089604,0.00471,0.005365,0.005365,0.005365
105,0.026346,0.0072242,0.0020796,0.0356498,0.61965,0.55795,0.61112,0.25509,0.032649,0.0082405,0.0041405,0.00532,0.00532,0.00532
106,0.026186,0.0070919,0.0014881,0.034766,0.40096,0.46636,0.52967,0.22282,0.034295,0.0086827,0.0058751,0.005275,0.005275,0.005275
107,0.025967,0.0075978,0.0017704,0.0353352,0.52067,0.61709,0.65742,0.33729,0.031589,0.0084767,0.0061029,0.00523,0.00523,0.00523
108,0.026736,0.0074075,0.002094,0.0362375,0.65295,0.6411,0.67641,0.32592,0.033388,0.008463,0.0024552,0.005185,0.005185,0.005185
109,0.025898,0.0071745,0.0018051,0.0348776,0.76075,0.55686,0.58821,0.24747,0.030688,0.0084688,0.004053,0.00514,0.00514,0.00514
110,0.025718,0.0073755,0.0016941,0.0347876,0.58718,0.67309,0.64934,0.25081,0.032962,0.0079508,0.0062647,0.005095,0.005095,0.005095
111,0.026006,0.0072598,0.0018593,0.0351251,0.64307,0.60836,0.63685,0.29291,0.033414,0.008153,0.005415,0.00505,0.00505,0.00505
112,0.026639,0.0071873,0.0022077,0.036034,0.7263,0.68627,0.71457,0.31869,0.03276,0.0080694,0.0059553,0.005005,0.005005,0.005005
113,0.026284,0.00742,0.0019391,0.0356431,0.77416,0.50453,0.68591,0.30211,0.032368,0.0080449,0.0050828,0.00496,0.00496,0.00496
114,0.02526,0.0070064,0.0018341,0.0341005,0.77967,0.47765,0.63886,0.27997,0.032241,0.0085604,0.0073179,0.004915,0.004915,0.004915
115,0.027101,0.0070787,0.0022096,0.0363893,0.62718,0.64804,0.70311,0.32672,0.031274,0.0081542,0.0067249,0.00487,0.00487,0.00487
116,0.025198,0.0070111,0.0016502,0.0338593,0.75855,0.72238,0.74104,0.34813,0.031292,0.0077086,0.0053913,0.004825,0.004825,0.004825
117,0.025492,0.0067928,0.0015046,0.0337894,0.66046,0.64832,0.6671,0.31396,0.031403,0.0088492,0.0075016,0.00478,0.00478,0.00478
118,0.025326,0.0071855,0.0019715,0.034483,0.6762,0.6037,0.62643,0.27422,0.035381,0.0086353,0.007369,0.004735,0.004735,0.004735
119,0.025336,0.0070212,0.0015427,0.0338999,0.70291,0.64795,0.66637,0.2333,0.034405,0.0082383,0.005613,0.00469,0.00469,0.00469
120,0.02573,0.0071309,0.0017903,0.0346512,0.55026,0.72083,0.71826,0.32262,0.032066,0.0079185,0.00727,0.004645,0.004645,0.004645
121,0.024583,0.0068803,0.0017154,0.0331787,0.66408,0.56245,0.65078,0.26629,0.031688,0.0085429,0.0071476,0.0046,0.0046,0.0046
122,0.025371,0.0068051,0.0019861,0.0341622,0.67063,0.69015,0.69247,0.31259,0.031105,0.0081923,0.0020073,0.004555,0.004555,0.004555
123,0.024694,0.0068242,0.0014734,0.0329916,0.60742,0.64462,0.66519,0.32374,0.03152,0.0083209,0.0043694,0.00451,0.00451,0.00451
124,0.02507,0.0066437,0.0017328,0.0334465,0.72346,0.65212,0.66522,0.31722,0.032676,0.0081259,0.0042795,0.004465,0.004465,0.004465
125,0.024112,0.0069472,0.0017083,0.0327675,0.72312,0.63326,0.65531,0.28686,0.03293,0.0083325,0.0061008,0.00442,0.00442,0.00442
126,0.024622,0.0069656,0.0018378,0.0334254,0.6849,0.57804,0.60906,0.26645,0.032063,0.0089391,0.0034704,0.004375,0.004375,0.004375
127,0.024366,0.006822,0.0017572,0.0329452,0.45731,0.42762,0.42603,0.18021,0.033183,0.0096604,0.0066103,0.00433,0.00433,0.00433
128,0.024102,0.0067355,0.0015881,0.0324256,0.71875,0.6414,0.67589,0.33057,0.032446,0.0082901,0.0050175,0.004285,0.004285,0.004285
129,0.024201,0.0066237,0.0016956,0.0325203,0.63535,0.58541,0.61025,0.29154,0.033218,0.00864,0.0040689,0.00424,0.00424,0.00424
130,0.024126,0.0070867,0.0017966,0.0330093,0.55132,0.527,0.60787,0.27775,0.034912,0.0083666,0.0057582,0.004195,0.004195,0.004195
131,0.024079,0.0069545,0.0016249,0.0326584,0.54975,0.6615,0.67682,0.34102,0.031906,0.0080929,0.0039867,0.00415,0.00415,0.00415
132,0.02456,0.0068632,0.0017285,0.0331517,0.65012,0.61056,0.64673,0.30215,0.032815,0.0081976,0.0036773,0.004105,0.004105,0.004105
133,0.024626,0.0068475,0.001719,0.0331925,0.59688,0.57871,0.67002,0.34796,0.031392,0.0078459,0.0036418,0.00406,0.00406,0.00406
134,0.024037,0.0067841,0.001614,0.0324351,0.72922,0.67138,0.65704,0.32891,0.033211,0.0082455,0.0031552,0.004015,0.004015,0.004015
135,0.024266,0.0069549,0.001606,0.0328269,0.55818,0.58814,0.6079,0.25707,0.033749,0.0087697,0.0068828,0.00397,0.00397,0.00397
136,0.024435,0.0067039,0.0015015,0.0326404,0.53698,0.60502,0.61078,0.28409,0.032356,0.0086091,0.0037452,0.003925,0.003925,0.003925
137,0.024303,0.0067658,0.0018988,0.0329676,0.67822,0.58928,0.63014,0.29002,0.032532,0.0084663,0.0030245,0.00388,0.00388,0.00388
138,0.024446,0.0065136,0.0018727,0.0328323,0.71443,0.66144,0.6507,0.29899,0.03192,0.0078116,0.0025658,0.003835,0.003835,0.003835
139,0.02338,0.0068658,0.0016141,0.0318599,0.60885,0.6257,0.65479,0.3094,0.034485,0.0079397,0.0024815,0.00379,0.00379,0.00379
140,0.023033,0.0067619,0.0013661,0.031161,0.71021,0.64239,0.64812,0.29943,0.033764,0.0085919,0.0049218,0.003745,0.003745,0.003745
141,0.023283,0.0067568,0.0013714,0.0314112,0.70448,0.68545,0.68065,0.3028,0.03383,0.0077833,0.0018763,0.0037,0.0037,0.0037
142,0.023965,0.0066951,0.0012975,0.0319576,0.67661,0.61615,0.66288,0.33089,0.033454,0.0081202,0.0018986,0.003655,0.003655,0.003655
143,0.02347,0.0066603,0.0014512,0.0315815,0.61255,0.6264,0.61539,0.28607,0.033375,0.0080473,0.0067881,0.00361,0.00361,0.00361
144,0.023658,0.0066803,0.0014893,0.0318276,0.46885,0.46221,0.51721,0.22882,0.032552,0.008016,0.0038365,0.003565,0.003565,0.003565
145,0.023339,0.0068409,0.001698,0.0318779,0.69178,0.65468,0.68114,0.28602,0.034031,0.0080913,0.0074347,0.00352,0.00352,0.00352
146,0.022878,0.0066358,0.0015064,0.0310202,0.62281,0.6417,0.67017,0.31281,0.032327,0.0083403,0.0066968,0.003475,0.003475,0.003475
147,0.022317,0.0064392,0.0014315,0.0301877,0.54946,0.55931,0.6071,0.28333,0.032616,0.0087191,0.00464,0.00343,0.00343,0.00343
148,0.023146,0.0061569,0.0012112,0.0305141,0.61671,0.58644,0.66919,0.32017,0.033137,0.0085646,0.0055523,0.003385,0.003385,0.003385
149,0.023334,0.0064838,0.0015335,0.0313513,0.56833,0.66994,0.71197,0.31972,0.032964,0.00842,0.005104,0.00334,0.00334,0.00334
150,0.022313,0.0065995,0.0014291,0.0303416,0.71201,0.65527,0.70482,0.30054,0.032776,0.0081861,0.0049677,0.003295,0.003295,0.003295
151,0.022339,0.0063983,0.0013189,0.0300562,0.66984,0.65467,0.67788,0.3202,0.033452,0.0081724,0.0051693,0.00325,0.00325,0.00325
152,0.021903,0.0066871,0.0013721,0.0299622,0.73475,0.65027,0.65231,0.31336,0.033367,0.0080839,0.0054612,0.003205,0.003205,0.003205
153,0.022366,0.0066906,0.001385,0.0304416,0.60593,0.52389,0.5811,0.2647,0.032754,0.0088598,0.0066575,0.00316,0.00316,0.00316
154,0.022779,0.006412,0.0016164,0.0308074,0.63328,0.62298,0.6996,0.33281,0.031238,0.00853,0.0052114,0.003115,0.003115,0.003115
155,0.022003,0.0062263,0.001288,0.0295173,0.66438,0.6359,0.67276,0.30827,0.033069,0.008447,0.0033907,0.00307,0.00307,0.00307
156,0.023077,0.0066649,0.00136,0.0311019,0.61501,0.51276,0.58031,0.28856,0.034214,0.0090521,0.0056054,0.003025,0.003025,0.003025
157,0.022713,0.0062927,0.0014583,0.030464,0.65243,0.51045,0.65464,0.30255,0.03301,0.0089462,0.0037237,0.00298,0.00298,0.00298
158,0.02165,0.0062208,0.0013079,0.0291787,0.62535,0.58083,0.64775,0.26481,0.033793,0.0090629,0.0041115,0.002935,0.002935,0.002935
159,0.021778,0.0064192,0.0012626,0.0294598,0.66597,0.49447,0.67029,0.30186,0.033919,0.0095316,0.0054306,0.00289,0.00289,0.00289
160,0.021714,0.0062391,0.001113,0.0290661,0.66094,0.59216,0.63397,0.28795,0.033467,0.0085669,0.0055177,0.002845,0.002845,0.002845
161,0.021828,0.0064621,0.0015726,0.0298627,0.44147,0.38576,0.52508,0.23638,0.03344,0.00935,0.0050109,0.0028,0.0028,0.0028
162,0.021408,0.0065176,0.0014314,0.029357,0.80945,0.2875,0.46445,0.20134,0.032923,0.0098485,0.0064446,0.002755,0.002755,0.002755
163,0.021872,0.0064245,0.0011327,0.0294292,0.63377,0.54835,0.63689,0.29753,0.033538,0.0091514,0.0044997,0.00271,0.00271,0.00271
164,0.021504,0.0063345,0.0013219,0.0291604,0.64961,0.44422,0.56244,0.25823,0.033562,0.0093553,0.0053278,0.002665,0.002665,0.002665
165,0.022106,0.006274,0.0014384,0.0298184,0.61882,0.59789,0.6377,0.31312,0.034158,0.0087603,0.0036717,0.00262,0.00262,0.00262
166,0.021231,0.0063088,0.0013449,0.0288847,0.68271,0.41191,0.47011,0.21619,0.033766,0.0092623,0.0053603,0.002575,0.002575,0.002575
167,0.021998,0.0063842,0.0013469,0.0297291,0.58381,0.50324,0.62902,0.30164,0.032351,0.0089076,0.0064355,0.00253,0.00253,0.00253
168,0.021599,0.006216,0.0012344,0.0290494,0.64122,0.51739,0.60758,0.29661,0.033781,0.0090272,0.0057522,0.002485,0.002485,0.002485
169,0.021072,0.0061811,0.0011011,0.0283542,0.5573,0.54259,0.6134,0.28904,0.033144,0.0087266,0.0050183,0.00244,0.00244,0.00244
170,0.02083,0.0064624,0.0011537,0.0284461,0.6014,0.55569,0.62131,0.29905,0.033971,0.0087814,0.0042581,0.002395,0.002395,0.002395
171,0.020539,0.0062028,0.0012488,0.0279906,0.62889,0.57997,0.61582,0.28261,0.034299,0.0090036,0.0047644,0.00235,0.00235,0.00235
172,0.020989,0.0061373,0.00094328,0.02806958,0.5639,0.60191,0.58862,0.2754,0.034045,0.0081804,0.0053998,0.002305,0.002305,0.002305
173,0.020867,0.0062646,0.0010917,0.0282233,0.6057,0.56191,0.59449,0.27207,0.033788,0.0087808,0.0076791,0.00226,0.00226,0.00226
174,0.021498,0.0062544,0.0010822,0.0288346,0.61081,0.50719,0.59727,0.25237,0.034413,0.0089069,0.0074603,0.002215,0.002215,0.002215
175,0.021402,0.0064019,0.0011278,0.0289317,0.63779,0.56962,0.63273,0.29282,0.033842,0.0086339,0.0068567,0.00217,0.00217,0.00217
176,0.020645,0.0061757,0.0014716,0.0282923,0.62175,0.60291,0.61274,0.28438,0.034258,0.0087284,0.0073489,0.002125,0.002125,0.002125
177,0.020565,0.0061591,0.0012604,0.0279845,0.64691,0.52379,0.60488,0.27535,0.033245,0.0088497,0.0077301,0.00208,0.00208,0.00208
178,0.021778,0.0065218,0.0014295,0.0297293,0.6926,0.64769,0.68874,0.31521,0.032799,0.0081819,0.0074677,0.002035,0.002035,0.002035
179,0.021309,0.0063329,0.0012455,0.0288874,0.64741,0.60827,0.67663,0.30637,0.032416,0.0083857,0.0070298,0.00199,0.00199,0.00199
180,0.02159,0.0061632,0.0013466,0.0290998,0.60708,0.57745,0.60798,0.24917,0.033738,0.0086501,0.0071326,0.001945,0.001945,0.001945
181,0.019938,0.0060053,0.0010834,0.0270267,0.57426,0.57668,0.61668,0.27596,0.03436,0.0084876,0.0054873,0.0019,0.0019,0.0019
182,0.020266,0.0060906,0.0011151,0.0274717,0.59769,0.62565,0.63936,0.28901,0.033652,0.0086075,0.0061506,0.001855,0.001855,0.001855
183,0.020852,0.0061434,0.0010839,0.0280793,0.63637,0.62455,0.65066,0.31712,0.032726,0.0083846,0.0063194,0.00181,0.00181,0.00181
184,0.020341,0.0060965,0.0011551,0.0275926,0.61473,0.62055,0.63164,0.28531,0.034226,0.0085766,0.0069831,0.001765,0.001765,0.001765
185,0.020631,0.0059069,0.0015187,0.0280566,0.699,0.62345,0.68835,0.30606,0.033249,0.0084599,0.0045882,0.00172,0.00172,0.00172
186,0.020513,0.0063161,0.0012981,0.0281272,0.61069,0.56349,0.62196,0.28345,0.033218,0.0091164,0.0052885,0.001675,0.001675,0.001675
187,0.020035,0.0063022,0.0011049,0.0274421,0.57759,0.5534,0.59744,0.26829,0.033433,0.0088976,0.0057064,0.00163,0.00163,0.00163
188,0.020422,0.0063505,0.0012662,0.0280387,0.66911,0.50661,0.64454,0.29629,0.032174,0.0087946,0.0060337,0.001585,0.001585,0.001585
189,0.01955,0.0059239,0.00089277,0.02636667,0.66915,0.56252,0.64884,0.30114,0.03262,0.0086902,0.0041318,0.00154,0.00154,0.00154
190,0.019777,0.0058404,0.0010539,0.0266713,0.73526,0.6616,0.66421,0.30508,0.031697,0.0088993,0.006057,0.001495,0.001495,0.001495
191,0.020433,0.0060528,0.0011197,0.0276055,0.74481,0.61983,0.67087,0.30199,0.032332,0.0087314,0.0056013,0.00145,0.00145,0.00145
192,0.020463,0.0064681,0.001281,0.0282121,0.69143,0.62286,0.66699,0.29315,0.032279,0.0089247,0.0048167,0.001405,0.001405,0.001405
193,0.019777,0.0060784,0.00099941,0.02685481,0.6727,0.63595,0.64902,0.29875,0.032441,0.008659,0.0055464,0.00136,0.00136,0.00136
194,0.020158,0.0061832,0.0010864,0.0274276,0.68996,0.64819,0.69247,0.31236,0.032125,0.0089742,0.006159,0.001315,0.001315,0.001315
195,0.0206,0.0057178,0.0013064,0.0276242,0.67416,0.63664,0.66071,0.3177,0.032378,0.0086851,0.0036596,0.00127,0.00127,0.00127
196,0.020233,0.006248,0.0013404,0.0278214,0.58636,0.58575,0.60945,0.26819,0.032469,0.0084949,0.0025482,0.001225,0.001225,0.001225
197,0.020331,0.0060148,0.0011188,0.0274646,0.65982,0.61479,0.67777,0.33227,0.032262,0.0086558,0.004113,0.00118,0.00118,0.00118
198,0.019652,0.0056209,0.0010357,0.0263086,0.62678,0.56563,0.64709,0.31134,0.032785,0.0086667,0.004749,0.001135,0.001135,0.001135
199,0.019837,0.0060068,0.0011767,0.0270205,0.68988,0.59344,0.69024,0.33594,0.031912,0.008538,0.0033337,0.00109,0.00109,0.00109
200,0.019433,0.0060528,0.0011197,0.0266055,,,,,,,,,,
201,0.019463,0.0064681,0.001281,0.0272121,,,,,,,,,,
202,0.019777,0.0060784,0.00099941,0.02685481,,,,,,,,,,
203,0.019158,0.0061832,0.0010864,0.0264276,,,,,,,,,,
204,0.0196,0.0057178,0.0013064,0.0266242,,,,,,,,,,
205,0.019233,0.006248,0.0013404,0.0268214,,,,,,,,,,
206,0.019331,0.0060148,0.0011188,0.0264646,,,,,,,,,,
207,0.019652,0.0056209,0.0010357,0.0263086,,,,,,,,,,
208,0.019837,0.0060068,0.0011767,0.0270205,,,,,,,,,,
209,0.019331,0.0060148,0.0011188,0.0264646,,,,,,,,,,
210,0.019652,0.0056209,0.0010357,0.0263086,,,,,,,,,,
211,0.019737,0.0060068,0.0011767,0.0269205,,,,,,,,,,
212,0.019633,0.0060528,0.0011197,0.0268055,,,,,,,,,,
213,0.019463,0.0064681,0.001281,0.0272121,,,,,,,,,,
214,0.019377,0.0060784,0.00099941,0.02645481,,,,,,,,,,
215,0.019358,0.0061832,0.0010864,0.0266276,,,,,,,,,,
216,0.0193,0.0057178,0.0013064,0.0263242,,,,,,,,,,
217,0.019333,0.006248,0.0013404,0.0269214,,,,,,,,,,
218,0.019331,0.0060148,0.0011188,0.0264646,,,,,,,,,,
219,0.019352,0.0056209,0.0010357,0.0260086,,,,,,,,,,
220,0.019337,0.0060068,0.0011767,0.0265205,,,,,,,,,,
